{"name":"c8044169-3969-4f5a-8fd7-ee1a74fad5b8","id":"/providers/Microsoft.Flow/flows/c8044169-3969-4f5a-8fd7-ee1a74fad5b8","type":"Microsoft.Flow/flows","properties":{"apiId":"/providers/Microsoft.PowerApps/apis/shared_logicflows","displayName":"Http -> Enviar um email,Resposta","definition":{"metadata":{"workflowEntityId":null,"creator":{"id":"4fcb4ad5-e50f-484a-a6f7-e58f0b69d2bc","type":"User","tenantId":"faea376d-a313-4629-a5e8-79a62199a176"},"provisioningMethod":"FromDefinition","failureAlertSubscription":true,"clientLastModifiedTime":"2019-07-24T08:50:35.0605937Z"},"$schema":"https://schema.management.azure.com/providers/Microsoft.Logic/schemas/2016-06-01/workflowdefinition.json#","contentVersion":"1.0.0.0","parameters":{"$connections":{"defaultValue":{},"type":"Object"},"$authentication":{"defaultValue":{},"type":"SecureObject"}},"triggers":{"manual":{"type":"Request","kind":"Http","inputs":{"schema":{"Content-Type":"application/json","$schema":"http://json-schema.org/draft-04/schema#","type":"object","properties":{"EmailAdress":{"type":"string"},"EmailSubject":{"type":"string"},"EmailBody":{"type":"string"}},"required":["EmailAdress","EmailSubject","EmailBody"]}}}},"actions":{"Enviar_um_email":{"runAfter":{},"metadata":{"flowSystemMetadata":{"swaggerOperationId":"SendEmail"}},"type":"ApiConnection","inputs":{"host":{"connection":{"name":"@parameters('$connections')['shared_office365']['connectionId']"},"api":{"runtimeUrl":"https://europe-002.azure-apim.net/apim/office365"}},"method":"post","body":{"To":"@{triggerBody()['emailAdress']};","Subject":"@triggerBody()['emailSubject']","Body":"@triggerBody()['EmailBody']","IsHtml":true},"path":"/Mail","authentication":"@parameters('$authentication')"}},"Resposta":{"runAfter":{"Enviar_um_email":["Succeeded"]},"type":"Response","kind":"Http","inputs":{"statusCode":200,"headers":{"status":"success"},"body":"@body('Enviar_um_email')"}}}},"connectionReferences":{"shared_office365":{"connectionName":"shared-office365-4889597f-4e1d-4a07-896e-95e3b3f773ca","source":"Embedded","id":"/providers/Microsoft.PowerApps/apis/shared_office365","tier":"NotSpecified"}},"flowFailureAlertSubscribed":false}}